{
  "mae": 0.00018886443943281136,
  "mse": 3.391395473568072e-05,
  "rmse": 0.0058235689002261075,
  "r2": 0.9999998616070299,
  "mae_relative": 0.00038542204692366315,
  "rmse_relative": 0.01188435394543728,
  "mean_target": 49.00198131899236,
  "std_target": 15.654247762385808
}