{
  "global_metrics": {
    "mae": 0.00020479049789621037,
    "rmse": 0.006334217464328014,
    "mape": 0.0003825896952731042,
    "r2": 0.9999998620930238,
    "total_predictions": 70656
  },
  "department_metrics": {
    