feature,importance
nbre_acte_corona,5.047318703620921e-15
nbre_hospit_corona,7.592498388438779e-15
nbre_pass_tot,7.659138479944372e-15
nbre_acte_tot,8.196626947902596e-15
sursaud_cl_age_corona,9.088024636086778e-15
nbre_pass_corona,9.51639854355692e-15
reg,0.9999999999999529
