metric,value
train_mae,6.32587493046992
test_mae,14.546057510392648
train_r2,0.886741541409402
test_r2,0.4439145683100473
