metric,value
train_mae,5.933189615471506
test_mae,14.07664483204382
train_r2,0.9006686392931812
test_r2,0.4864622821661234
