metric,value
train_mae,5.844710789737396
test_mae,14.344305636368665
train_r2,0.895248130033709
test_r2,0.4624545796969771
