metric,value
train_mae,4.042721557565803
test_mae,10.569596826138392
train_r2,0.9511344010685899
test_r2,0.6836727729704928
